tconst,primaryTitle,startYear,endYear,rank,averageRating,numVotes,directors,writers,genres,IMDbLink,Title_IMDb_Link
tt0903747,Breaking Bad,2008,2013.0,1,9.5,2613527,"David Slade, Peter Medak, John Shiban, Bronwen Hughes, Adam Bernstein, John Dahl, Charles Haid, Peter Gould, Terry McDonough, Bryan Cranston, Félix Enríquez Alcalá, Michelle MacLaren, Phil Abraham, Colin Bucksey, Rian Johnson, Michael Slovis, Tricia Brock, Johan Renck, George Mastras, Tim Hunter, Vince Gilligan, Scott Winant, Thomas Schnauz, Jim McKay, Sam Catlin","Peter Gould, Sam Catlin, Moira Walley-Beckett, John Shiban, J. Roberts, Patty Lin, George Mastras, Vince Gilligan, Gennifer Hutchison, Thomas Schnauz","Crime, Drama, Thriller","<a href=""https://www.imdb.com/title/tt0903747"" target=""_blank"">tt0903747</a>","<a href=""https://www.imdb.com/title/tt0903747"" target=""_blank"">Breaking Bad</a>"
tt0185906,Band of Brothers,2001,2001.0,2,9.4,593869,"Mikael Salomon, Tom Hanks, David Leland, Phil Alden Robinson, David Nutter, Tony To, Richard Loncraine, David Frankel","Stephen Ambrose, Bruce C. McKenna, John Orloff, Tom Hanks, Erik Jendresen, Erik Bork, Graham Yost, E. Max Frye","Action, Drama, History","<a href=""https://www.imdb.com/title/tt0185906"" target=""_blank"">tt0185906</a>","<a href=""https://www.imdb.com/title/tt0185906"" target=""_blank"">Band of Brothers</a>"
tt7366338,Chernobyl,2019,2019.0,3,9.3,1036151,Johan Renck,Craig Mazin,"Drama, History, Thriller","<a href=""https://www.imdb.com/title/tt7366338"" target=""_blank"">tt7366338</a>","<a href=""https://www.imdb.com/title/tt7366338"" target=""_blank"">Chernobyl</a>"
tt0417299,Avatar: The Last Airbender,2005,2008.0,4,9.3,441470,"Oh Seung-hyun, Michael Dante DiMartino, Dave Filoni, Giancarlo Volpe, Bryan Konietzko, Lauren MacMullan, Joaquim Dos Santos, Ethan Spaulding, Anthony Lioi","Scott Sonneborn, Nick Malis, May Chan, Katie Mattila, Justin Ridge, Tim Hedrick, John O'Bryan, Pete Goldfinger, James Eagan, Sib Ventress, Bryan Konietzko, Elizabeth Welch Ehasz, Giancarlo Volpe, Ian Wilcox, Michael Dante DiMartino, Matt Hubbard, Lauren MacMullan, Andrew Huebner, Joshua Hamilton, Lisa Wahlander, Aaron Ehasz, Gary Scheppke, Josh Stolberg, Joann Estoesta","Action, Adventure, Animation","<a href=""https://www.imdb.com/title/tt0417299"" target=""_blank"">tt0417299</a>","<a href=""https://www.imdb.com/title/tt0417299"" target=""_blank"">Avatar: The Last Airbender</a>"
tt0306414,The Wire,2002,2008.0,5,9.3,431180,"Ernest Dickerson, Joy Kecken, Thomas J. Wright, Seith Mann, Anthony Hemingway, Christine Moore, Leslie Libman, Dominic West, Alex Zakrzewski, Joe Chappelle, Milcho Manchevski, Elodie Keene, Ed Bianchi, Jim McKay, Scott Kecken, Rob Bailey, Daniel Attias, Peter Medak, Robert F. Colesberry, David Platt, Clement Virgo, Agnieszka Holland, Brad Anderson, Gloria Muzio, Timothy Van Patten, Clark Johnson, Steve Shill","Joy Kecken, George Pelecanos, Chris Collins, Eric Ellis Overmyer, David Simon, Shamit Choksey, Richard Price, Ed Burns, Rafael Álvarez, William F. Zorzi, David Mills, Kia Corthron, David H. Melnick, Dennis Lehane","Crime, Drama, Thriller","<a href=""https://www.imdb.com/title/tt0306414"" target=""_blank"">tt0306414</a>","<a href=""https://www.imdb.com/title/tt0306414"" target=""_blank"">The Wire</a>"
tt0795176,Planet Earth,2006,2006.0,6,9.4,235291,"Mark Linfield, Alastair Fothergill","Gary Parker, Alastair Fothergill, Vanessa Berlowitz, David Attenborough","Documentary, Family","<a href=""https://www.imdb.com/title/tt0795176"" target=""_blank"">tt0795176</a>","<a href=""https://www.imdb.com/title/tt0795176"" target=""_blank"">Planet Earth</a>"
tt5491994,Planet Earth II,2016,2016.0,7,9.4,175087,"Emma Napper, Fredi Devas, Ed Charles, Justin Anderson, Elizabeth White, Chadden Hunter",Elizabeth White,"Documentary, Family","<a href=""https://www.imdb.com/title/tt5491994"" target=""_blank"">tt5491994</a>","<a href=""https://www.imdb.com/title/tt5491994"" target=""_blank"">Planet Earth II</a>"
tt0944947,Game of Thrones,2011,2019.0,8,9.2,2613552,"Alan Taylor, Timothy Van Patten, Michelle MacLaren, David Nutter, Daniel Sackheim, Matt Shakman, Tom McCarthy, Brian Kirk, Alex Graves, Jack Bender, Miguel Sapochnik, D.B. Weiss, David Benioff, Jeremy Podeswa, Neil Marshall, Alik Sakharov, Daniel Minahan, Michael Slovis, Mark Mylod, David Petrarca","George R.R. Martin, Dave Hill, D.B. Weiss, Gursimran Sandhu, Bryan Cogman, Ethan J. Antonucci, Vanessa Taylor, David Benioff, Jane Espenson","Action, Adventure, Drama","<a href=""https://www.imdb.com/title/tt0944947"" target=""_blank"">tt0944947</a>","<a href=""https://www.imdb.com/title/tt0944947"" target=""_blank"">Game of Thrones</a>"
tt0141842,The Sopranos,1999,2007.0,9,9.2,579068,"Mike Figgis, Henry Bronchtein, Phil Abraham, Martin Bruestle, Nick Gomez, Lee Tamahori, Peter Bogdanovich, Steve Buscemi, David Nutter, Timothy Van Patten, David Chase, Rodrigo García, Jack Bender, Lorraine Senna, Alan Taylor, John Patterson, Matthew Penn, Andy Wolk, James Hayman, Allen Coulter, Steve Shill, Terence Winter, Daniel Attias, Danny Leiner","Todd A. Kessler, Nick Santora, David Flebotte, Andrew Schneider, Frank Renzulli, Michael Caleo, Maria Laurino, David Chase, Mitchell Burgess, James Manos Jr., Michael Imperioli, Mark Saraceni, Joe Bosso, Salvatore Stabile, Diane Frolov, Timothy Van Patten, Jason Cahill, Matthew Weiner, Terence Winter, Toni Kalem, Lawrence Konner, Robin Green","Crime, Drama","<a href=""https://www.imdb.com/title/tt0141842"" target=""_blank"">tt0141842</a>","<a href=""https://www.imdb.com/title/tt0141842"" target=""_blank"">The Sopranos</a>"
tt2560140,Attack on Titan,2013,2023.0,10,9.1,714469,"Matsuo Asami, Kazuo Miyake, Mitsue Yamazaki, Miki Komuro, Shinpei Ezaki, Yuzuru Tachikawa, Tokio Igarashi, Yoshihide Ibata, Hitomi Ezoe, Aiko Sakuraba, Tatsuma Minamikawa, Jun Shishido, Tomomi Ikeda, Tetsurô Araki, Shin Wakabayashi, Shintarô Itoga, Ken Andô, Kôki Aoshima, Yasuhiro Akamatsu, Kenji Imura, Shingo Uchida, Teruyuki Ômine, Yuumi Kawai, Tetsuya Wakano, Keisuke Onishi, Daisuke Tokudo, Hidekazu Hara, Hiroyuki Tanaka, Kaori Makita, Yasushi Muroya, Masayuki Miyaji, Takayuki Hirao, Hirokazu Yamada, Tomoko Hiramuki, Ryôsuke Azuma, Ryûta Kawahara, Yûichirô Hayashi, Kiyoshi Fukumoto, Takashi Andô, Yoshiyuki Fujiwara, Naoki Matsuura, Masashi Koizuka, Makoto Bessho, Satonobu Kikuchi, Akitoshi Yokoyama","Tyson Rinehart, Noboru Takagi, Hajime Isayama, John Burgmeier, Jarrod Greene, Hiroshi Seko, Jeramey Kraatz, J. Michael Tatum, Aaron Dismuke, Yasuko Kobayashi, Bonny Clinkenbeard","Action, Adventure, Animation","<a href=""https://www.imdb.com/title/tt2560140"" target=""_blank"">tt2560140</a>","<a href=""https://www.imdb.com/title/tt2560140"" target=""_blank"">Attack on Titan</a>"
tt12392504,Scam 1992: The Harshad Mehta Story,2020,2020.0,11,9.2,172988,"Hansal Mehta, Jai Mehta","Sumit Purohit, Karan Vyas, Saurav Dey, Debashis Basu, Kiran Yagnopavit, Vaibhav Vishal, Sanjay Singh, Sucheta Dalal","Biography, Crime, Drama","<a href=""https://www.imdb.com/title/tt12392504"" target=""_blank"">tt12392504</a>","<a href=""https://www.imdb.com/title/tt12392504"" target=""_blank"">Scam 1992: The Harshad Mehta Story</a>"
tt2395695,Cosmos: A Spacetime Odyssey,2014,2014.0,12,9.2,140093,"Kevin Dart, Ann Druyan, Bill Pope, Brannon Braga","Ann Druyan, Carl Sagan, Steven Soter, Johnny Otto","Documentary, Family","<a href=""https://www.imdb.com/title/tt2395695"" target=""_blank"">tt2395695</a>","<a href=""https://www.imdb.com/title/tt2395695"" target=""_blank"">Cosmos: A Spacetime Odyssey</a>"
tt1475582,Sherlock,2010,2017.0,13,9.0,1088256,"Douglas Mackinnon, Paul McGuigan, Colm McCarthy, Rachel Talalay, Jeremy Lovering, Euros Lyn, Coky Giedroyc, Toby Haynes, Benjamin Caron, Nick Hurran","Steven Moffat, Mark Gatiss, Steve Thompson, Arthur Conan Doyle","Crime, Drama, Mystery","<a href=""https://www.imdb.com/title/tt1475582"" target=""_blank"">tt1475582</a>","<a href=""https://www.imdb.com/title/tt1475582"" target=""_blank"">Sherlock</a>"
tt3032476,Better Call Saul,2015,2022.0,14,9.0,834087,"Jim McKay, Nicole Kassell, Melissa Bernstein, Rhea Seehorn, Michael Slovis, Michelle MacLaren, Deborah Chow, Michael Morris, Terry McDonough, Keith Gordon, Vince Gilligan, Larysa Kondracki, Norberto Barba, Giancarlo Esposito, Daniel Sackheim, Adam Bernstein, Scott Winant, Thomas Schnauz, Colin Bucksey, Peter Gould, John Shiban, Minkie Spiro, Bronwen Hughes, Gordon Smith, Andrew Stanton","Ariel Levine, Gennifer Hutchison, Vince Gilligan, Ann Cherkis, Jonathan Glatzer, Gordon Smith, Peter Gould, Thomas Schnauz, Bradley Paul, Marion Dayre, Alison Tatlock","Crime, Drama","<a href=""https://www.imdb.com/title/tt3032476"" target=""_blank"">tt3032476</a>","<a href=""https://www.imdb.com/title/tt3032476"" target=""_blank"">Better Call Saul</a>"
tt0386676,The Office,2005,2013.0,15,9.0,831815,"Ken Kwapis, Miguel Arteta, Tucker Gates, Matt Sohn, Jon Favreau, Greg Daniels, Joss Whedon, J.J. Abrams, John Krasinski, Rodman Flender, Paul Feig, Mindy Kaling, Michael Spiller, Asaad Kelada, Charlie Grandy, Jennifer Celotta, Jason Reitman, Brent Forrester, David Rogers, B.J. Novak, Ken Whittingham, Paul Lieberstein, Craig Zisk, Stephen Merchant, Lee Eisenberg, Danny Leiner, John Scott, Amy Heckerling, Kelly Cantley-Kashima, Reginald Hudlin, Harold Ramis, Brian Baumgartner, Troy Miller, Alex Hardcastle, Julian Farino, Eric Appel, Lee Kirk, Ed Helms, Bryan Cranston, Seth Gordon, Dennie Gordon, Claire Scanlon, Jesse Peretz, Rainn Wilson, Bryan Gordon, Randall Einhorn, Roger Nygard, Dean Holland, Daniel Chun, Gene Stupnitsky, Charles McDougall, Jeffrey Blitz, Steve Carell, Victor Nelli Jr., Marc Webb","Steve Carell, Dan Greaney, Aaron Shure, Stephen Merchant, Lee Eisenberg, Amelie Gillette, Robert Padnick, Daniel Chun, Jonathan Hughes, Halsted Sullivan, Brent Forrester, Graham Wagner, Anthony Q. Farrell, Lester Lewis, Jason Kessler, Allison Silverman, Jennifer Celotta, Gabe Miller, Niki Schwartz-Wright, Peter Ocko, Gene Stupnitsky, Ricky Gervais, Larry Wilmore, Tim McAuliffe, Carrie Kemper, Paul Lieberstein, Steve Hely, Jonathan Green, Caroline Williams, Owen Ellickson, B.J. Novak, Ryan Koh, Dan Sterling, Michael Schur, Mindy Kaling, Jon Vitti, Greg Daniels, Charlie Grandy, Warren Lieberstein, Justin Spitzer",Comedy,"<a href=""https://www.imdb.com/title/tt0386676"" target=""_blank"">tt0386676</a>","<a href=""https://www.imdb.com/title/tt0386676"" target=""_blank"">The Office</a>"
tt2861424,Rick and Morty,2013,,16,9.0,694266,"Pete Michels, Lucas Gray, Wes Archer, Justin Roiland, Jeff Myers, Bryan Newton, Douglas Einar Olsen, Dominic Polcino, Juan Jose Meza-Leon, Anthony Chun, Fill Marc Sagadraca, Kyoung Hee Lim, Jacob Hair, John Rice, Brian Kaufman, Eugene Huang, Stephen Sandoval, Erica Hayes, Nathan Litz","James Siciliano, Dave Horwitz, Heather Anne Campbell, Jess Lacher, Caitie Delaney, Rob Schrab, Brandon Johnson, Michael Waldron, Brian Wysol, John Harris, Rich Fulcher, Beth Stelling, Shawn Pearlman, Matt Roller, Jessica Gao, Nicholas Rutherford, Dan Harmon, Eric Acosta, Erica Rosbe, Rashad Gheith, Dan Guterman, Wade Randolph, Ryan Ridley, Albro Lundy IV, Jeremy Gilfor, Tanner Tananbaum, Mike McMahan, David Phillips, Tom Kauffman, Scott Marder, Siobhan Thompson, Sarah Carbiener, Anne Lane, Cody Ziglar, Michael Kellner, Alex Song-Xia, Jane Becker, Alex Rubens, Florian Wagner, Justin Roiland, Jeff Loveness, Grace Freud, Abed Gheith, Edward Voccola","Adventure, Animation, Comedy","<a href=""https://www.imdb.com/title/tt2861424"" target=""_blank"">tt2861424</a>","<a href=""https://www.imdb.com/title/tt2861424"" target=""_blank"">Rick and Morty</a>"
tt11126994,Arcane,2021,2024.0,17,9.0,443589,"Etienne Mattera, Christelle Abgrall, Pascal Charrue, Bart Maunoury, Arnaud Delord, Marietta Ren","Ben St. John, Giovanna Sarquis, Alex Yee, Conor Sheehy, Ash Brannon, Graham McNeill, Christian Linke, Mollie Bickley St. John, Amanda Overton, Nick Luddington, Henry G.M. Jones, David Dunne, Kristina Felske","Action, Adventure, Animation","<a href=""https://www.imdb.com/title/tt11126994"" target=""_blank"">tt11126994</a>","<a href=""https://www.imdb.com/title/tt11126994"" target=""_blank"">Arcane</a>"
tt0388629,One Piece,1999,,18,9.0,352986,"Makoto Sonoda, Ken'ichi Takeshita, Henry Thurlow, Shigeyasu Yamauchi, Kôhei Kureta, Toshinori Fukuzawa, Takaaki Ishiyama, Hiroaki Miyamoto, Tatsuya Nagamine, Hazuki Omoya, Mamoru Hosoda, Hikaru Takeuchi, Nanami Michibata, Hyun Eri, Wataru Matsumi, Toshihiro Maeya, Tetsuji Nakamura, Ryosuke Tanaka, Yasuhiro Tanabe, Yasunori Koyama, Masahiro Hosoda, Katsumi Tokoro, Sho Matsui, Shô Inuzuka, Satoshi Itô, Akihiko Sano, Yûji Tokuno, Nozomu Shishido, Junji Shimizu, Yoshihiro Ueda, Takashi Ôtsuka, Munehisa Sakai, Aya Komaki, Tetsuya Endô, Tasuku Shimaya, Ryôta Nakamura, Megumi Ishitani, Yûsuke Suzuki, Kônosuke Uda, Yutaka Nakashima","Shinzô Fujita, Hirohiko Uesaka, Junki Takegami, Yoshiyuki Suga, Yoshiyaki Suga, Naoki Koga, Spencer Prokop, Shôji Yonemura, Jin Tanaka, Atsuhiro Tomioka, Takuya Masumoto, Matt Chaney, Andrew Rye, Eric Vale, Tomohiro Nakayama, Bonny Clinkenbeard, Sean Whitley, Akiko Inoue, Suminori Takegami, Eiichirô Oda, Michiru Shimada, Sean Teague, Ryo Yamazaki, Mike McFarland, Ryôta Yamaguchi, Brandon Potter, Kelli Howard, Clint Bickham","Action, Adventure, Animation","<a href=""https://www.imdb.com/title/tt0388629"" target=""_blank"">tt0388629</a>","<a href=""https://www.imdb.com/title/tt0388629"" target=""_blank"">One Piece</a>"
tt14392248,Aspirants,2021,,19,9.1,318829,"Apoorv Singh Karki, Deepesh Sumitra Jagdish","Anurag Goswami, Deepesh Sumitra Jagdish, Ashutosh Chaturvedi, Shreyansh Pandey, Arunabh Kumar, Anurag Ramesh Shukla, Pankaj Mavchi",Drama,"<a href=""https://www.imdb.com/title/tt14392248"" target=""_blank"">tt14392248</a>","<a href=""https://www.imdb.com/title/tt14392248"" target=""_blank"">Aspirants</a>"
tt1355642,Fullmetal Alchemist: Brotherhood,2009,2010.0,20,9.1,248499,"Hiroshi Iketomi, Takahiro Ikezoe, Keiko Namba, Takayuki Tanaka, Kazuhide Tomonaga, Masao Ôkubo, Tsutomu Yabuki, Yasuhiro Irie, Takuya Igarashi, Ikurô Satô, Masahiro Sonoda, Kiyomitsu Satô, Rokô Ogiwara, Daisuke Tsukushi","Michihiro Tsuchiya, Blair Rowan, Yoneki Tsumura, Hiroshi Ônogi, John Burgmeier, Shotaro Suga, Seishi Minakami, Hiromu Arakawa, Bonny Clinkenbeard","Action, Adventure, Animation","<a href=""https://www.imdb.com/title/tt1355642"" target=""_blank"">tt1355642</a>","<a href=""https://www.imdb.com/title/tt1355642"" target=""_blank"">Fullmetal Alchemist: Brotherhood</a>"
tt6769208,Blue Planet II,2017,2017.0,21,9.3,57689,James Honeyborne,James Honeyborne,"Documentary, Family","<a href=""https://www.imdb.com/title/tt6769208"" target=""_blank"">tt6769208</a>","<a href=""https://www.imdb.com/title/tt6769208"" target=""_blank"">Blue Planet II</a>"
tt0081846,Cosmos,1980,1980.0,22,9.3,53334,"Richard J. Wells, Tom Weidlinger, Rob McCain, Richard Wells, Geoffrey Haines-Stiles, David F. Oyster, Adrian Malone, David Kennard","Steven Soter, Carl Sagan, Ann Druyan",Documentary,"<a href=""https://www.imdb.com/title/tt0081846"" target=""_blank"">tt0081846</a>","<a href=""https://www.imdb.com/title/tt0081846"" target=""_blank"">Cosmos</a>"
tt0877057,Death Note,2006,2007.0,23,8.9,480351,"Hironori Aoyagi, Ryôsuke Nakamura, Tetsuhito Saitô, Yukio Okazaki, Tetsurô Araki, Mitsuhiro Yoneda, Tomio Yamauchi, Tomohiko Itô, Shinji Nagamura, Kei Tsunematsu, Hiroyuki Tsuchiya, Takayuki Hirao, Hisato Shimoda, Naoto Hashimoto, Mitsuyuki Masuhara, Oyunamu, Makoto Bessho, Naoyasu Habu, Hideki Itô, Eiko Nishi","Tsugumi Ôba, Takeshi Obata, Tomohiko Itô, Shôji Yonemura, Toshiki Inoue, Yasuko Kobayashi, Gracie P. Aylward","Animation, Crime, Drama","<a href=""https://www.imdb.com/title/tt0877057"" target=""_blank"">tt0877057</a>","<a href=""https://www.imdb.com/title/tt0877057"" target=""_blank"">Death Note</a>"
tt0098904,Seinfeld,1989,1998.0,24,8.9,384429,"Joshua White, Tom Cherones, Jason Alexander, D. Owen Trainor, Art Wolff, David Steinberg, Andy Ackerman","Bob Shaw, Charlie Rubin, Tom Leopold, Jeff Schaffer, Peter Mehlman, Matt Selman, Bruce Eric Kaplan, Lawrence H. Levy, Larry Charles, Spike Feresten, Ron Hauge, Steve Koren, Carol Leifer, Fred Stoller, Sam Henry Kass, Bobby Farrelly, Jennifer Crittenden, Jonathan Gross, Alec Berg, Peter Farrelly, Don McEnery, Marjorie Gross, Jill Franklyn, Marc Jaffe, Gregg Kavet, Steve O'Donnell, Dan O'Keefe, Darin Henry, Andy Cowan, Bruce Kirschbaum, Kit Boss, Tom Gammill, Jerry Seinfeld, Matt Goldman, David Mandel, Larry Levin, Bill Masters, Max Pross, Jon Hayman, Larry David, Steve Skrovan, Billy Kimball, Elaine Pope, Andy Robin, Greg Daniels, Steve Lookner",Comedy,"<a href=""https://www.imdb.com/title/tt0098904"" target=""_blank"">tt0098904</a>","<a href=""https://www.imdb.com/title/tt0098904"" target=""_blank"">Seinfeld</a>"
tt2098220,Hunter X Hunter,2011,2014.0,25,9.0,194506,"Masaki Matsumura, Seung-wook Woo, Migmi, Tomoya Takahashi, Ken'ichi Kawamura, Tony Oliver, Daisuke Yoshida, Jun'ichi Fujise, Hiroshi Kôjina","Mitsutaka Hirota, Atsushi Maekawa, Yoshihiro Togashi, Tsutomu Kamishiro, Joel McDonald, Shôji Yonemura, Fumiyo Sakai, Yasushi Hirano","Action, Adventure, Animation","<a href=""https://www.imdb.com/title/tt2098220"" target=""_blank"">tt2098220</a>","<a href=""https://www.imdb.com/title/tt2098220"" target=""_blank"">Hunter X Hunter</a>"
tt8420184,The Last Dance,2020,2020.0,26,9.0,180501,Jason Hehir,,"Biography, Documentary, History","<a href=""https://www.imdb.com/title/tt8420184"" target=""_blank"">tt8420184</a>","<a href=""https://www.imdb.com/title/tt8420184"" target=""_blank"">The Last Dance</a>"
tt33043892,Dexter: Resurrection,2025,,27,9.0,142390,"Monica Raymund, Marcos Siega, Erica Dunton","Dane Anderson, Scott Reynolds, Alexandra Franklin, Kirsa Rein, Nick Zayas, Matt Venne, Katrina Mathewson, Tanner Bean, Marc Muszynski, Edith D. Rodriguez, Tony Saltzman, Hilly Hicks Jr., Clyde Phillips, James Manos Jr., Jeff Lindsay, Scott Buck","Crime, Drama, Mystery","<a href=""https://www.imdb.com/title/tt33043892"" target=""_blank"">tt33043892</a>","<a href=""https://www.imdb.com/title/tt33043892"" target=""_blank"">Dexter: Resurrection</a>"
tt0103359,Batman: The Animated Series,1992,1995.0,28,9.0,137273,"Bruce Timm, Kent Butterworth, Dan Riba, Frank Paur, Eric Radomski, Boyd Kirkland, Kevin Altieri, Dick Sebast","Robert Kanigher, Sean Catherine Derek, Alan Grant, Tom Ruegger, Martin Pasko, Denny O'Neil, Jules Dennis, Gerry Conway, Brian Bolland, Murphy Anderson, Lew Schwartz, Marshall Rogers, Norm Breyfogle, Bob Kane, Eric Radomski, Brynne Stephens, Michael Reaves, Carmine Infantino, Chris Hubbell, Chuck Menville, David Vern Reed, Jean MacCurdy, Eddie Gorodetsky, Dennis O'Flaherty, Chris Schoon, Samuel Warren Joseph, Alan Moore, Sam Hamm, Garfield Reeves-Stevens, Joe R. Lansdale, Robert N. Skir, Buzz Dixon, Paul Dini, Peter Morwood, Bruce Timm, Marty Isenberg, Ted Pedersen, Marv Wolfman, Henry Gilroy, Chuck Dixon, Winslow Mortimer, Graham Nolan, Richard Mueller, Mitch Brian, Carl Swenson, Steve Englehart, Dennis Marks, Alan Burnett, John Wagner, Len Wein, Mark Saraceni, Dick Giordano, Walter Simonson, Diane Duane, Mike W. Barr, Irv Novick, Randy Rogel, Cherie Wilkerson, John Calnan, Kevin Altieri, Neal Adams, Garin Wolf, Bill Finger, David Wise, Steve Perry, Beth Bornstein, Judith Reeves-Stevens, Mike Underwood, Sam Graham, Trevor Von Eeden, Laren Bright, Steve Hayes, Gardner Fox, Elliot S. Maggin","Action, Adventure, Animation","<a href=""https://www.imdb.com/title/tt0103359"" target=""_blank"">tt0103359</a>","<a href=""https://www.imdb.com/title/tt0103359"" target=""_blank"">Batman: The Animated Series</a>"
tt4742876,TVF Pitchers,2015,2022.0,29,9.1,79673,"Amit Golani, Arunabh Kumar, Vaibhav Bundhoo","Garima Kunzru, Talha Siddiqui, Arunabh Kumar, Shubham Sharma, Biswapati Sarkar, Prashant Kumar","Comedy, Drama","<a href=""https://www.imdb.com/title/tt4742876"" target=""_blank"">tt4742876</a>","<a href=""https://www.imdb.com/title/tt4742876"" target=""_blank"">TVF Pitchers</a>"
tt5622316,The Chosen,2017,,30,9.1,70043,Dallas Jenkins,"Dallas Jenkins, James Dalessandro, Ryan Swanson, Tyler Thompson","Drama, History","<a href=""https://www.imdb.com/title/tt5622316"" target=""_blank"">tt5622316</a>","<a href=""https://www.imdb.com/title/tt5622316"" target=""_blank"">The Chosen</a>"
tt9253866,Our Planet,2019,2023.0,31,9.2,62846,"Ed Charles, Toby Nowlan, Sophie Lanfear, Mandi Stark, Jeff Wilson, Huw Cordey, Hugh Pearson, Adam Chapman","Alastair Fothergill, David Attenborough, Keith Scholey, Huw Cordey","Documentary, Family","<a href=""https://www.imdb.com/title/tt9253866"" target=""_blank"">tt9253866</a>","<a href=""https://www.imdb.com/title/tt9253866"" target=""_blank"">Our Planet</a>"
tt7678620,Bluey,2018,,32,9.3,47438,"Beth Harvey, Tony Walsh, Claire Renton, Joe Brumm, Richard Jeffery","Mark Paterson, John McGeachin, Michael Griffin, Dan Brumm, Lorin Clarke, Francis Stanton, Joe Brumm, Claire Renton, Beth Harvey, Stuart Heritage, Tim Bain, Chris Bennett, Dave Lowe","Animation, Family","<a href=""https://www.imdb.com/title/tt7678620"" target=""_blank"">tt7678620</a>","<a href=""https://www.imdb.com/title/tt7678620"" target=""_blank"">Bluey</a>"
tt0108778,Friends,1994,2004.0,33,8.8,1191739,"Ellen Gittelsohn, Thomas Schlamme, Pamela Fryman, Roger Christiansen, David Schwimmer, Peter Bonerz, Terry Hughes, Arlene Sanford, James Burrows, Sam Simon, Joe Regalbuto, Dana De Vally Piazza, Gary Halvorson, Andrew Tsao, Paul Lazarus, Stephen Prime, Robby Benson, Ben Weiss, Gail Mancuso, Steve Zuckerman, Alan Myerson, Shelley Jensen, Mary Kay Place, Kevin Bright, Sheldon Epps, Michael Lembeck, David Steinberg, Todd Holland","Gigi McCreery, Seth Kurland, Ellen Kreamer, Pang-Ni Landrum, Earl Davis, Shana Goldberg-Meehan, Sherry Bilsing, Wil Calhoun, Chris Brown, Sebastian Jones, R. Lee Fleming Jr., Brian Boyle, David J. Lagana, Ira Ungerleider, Richard Goodman, Peter Tibbals, Alicia Sky Varinaitis, Jenji Kohan, Ted Cohen, Zachary Rosenblatt, Brian Caldirola, Jeff Greenstein, Scott Silveri, Brian Buckner, Tracy Reilly, Amy Toomin Straus, Doty Abrams, Jeff Astrof, Andrew Reich, Michael Borkow, Suzie V. Freeman, David Crane, Alexa Junge, Bill Lawrence, Marta Kauffman, Brown Mandell, Greg Malins, Betsy Borns, Mark Kunerth, Judd Rubin, Perry M. Rein, Michael Curtis, Dana Klein, Mike Sikowitz, Vanessa McCarthy, Adam Chase, Robert Carlock, Jeff Strauss, Jill Condon, Patty Lin, Steven Rosenhaus","Comedy, Romance","<a href=""https://www.imdb.com/title/tt0108778"" target=""_blank"">tt0108778</a>","<a href=""https://www.imdb.com/title/tt0108778"" target=""_blank"">Friends</a>"
tt2356777,True Detective,2014,,34,8.8,755025,"Nic Pizzolatto, Justin Lin, Miguel Sapochnik, Daniel Attias, John Crowley, Jeremy Podeswa, Daniel Sackheim, Jeremy Saulnier, Cary Joji Fukunaga, Issa López, Janus Metz","Namsi Khan, David Milch, Graham Gordy, Nic Pizzolatto, Katrina Albright, Scott Lasser, Alan Page, Wenonah Wilms, Chris Mundy, Issa López","Crime, Drama, Mystery","<a href=""https://www.imdb.com/title/tt2356777"" target=""_blank"">tt2356777</a>","<a href=""https://www.imdb.com/title/tt2356777"" target=""_blank"">True Detective</a>"
tt2802850,Fargo,2014,2024.0,35,8.8,468858,"Adam Bernstein, Donald Murphy, Scott Winant, Sylvain White, Dearbhla Walsh, Colin Bucksey, Jeffrey Reiner, Thomas Bezucha, Matt Shakman, Mike Barker, Michael Uppendahl, Noah Hawley, Dana Gonzales, Randall Einhorn, Adam Arkin, John Cameron, Keith Gordon","Steve Blackman, Noah Hawley, Francesca Sloane, Enzo Mileti, Thomas Bezucha, Scott Wilson, Ben Nedivi, April Shih, Stefani Robinson, Matt Wolpert, Robert De Laurentiis, Lee Edward Colston, Monica Beletsky","Crime, Drama, Thriller","<a href=""https://www.imdb.com/title/tt2802850"" target=""_blank"">tt2802850</a>","<a href=""https://www.imdb.com/title/tt2802850"" target=""_blank"">Fargo</a>"
tt7660850,Succession,2018,2023.0,36,8.8,355832,"Shari Springer Berman, S.J. Clarkson, Andrij Parekh, Kevin Bray, Matt Shakman, Adam Arkin, Miguel Arteta, Adam McKay, Cathy Yan, Becky Martin, Mark Mylod, Lorene Scafaria, Robert Pulcini","Susan Soon He Stanton, Georgia Pritchett, Alice Birch, Lucy Prebble, Will Tracy, Jamie Carragher, Ted Cohen, Jesse Armstrong, Tony Roche, Jon Brown, Mary Laws, Will Arbery, Callie Hersheway, Jonathan Glatzer, Anna Jordan, Miriam Battye, Nathan Elston","Comedy, Drama","<a href=""https://www.imdb.com/title/tt7660850"" target=""_blank"">tt7660850</a>","<a href=""https://www.imdb.com/title/tt7660850"" target=""_blank"">Succession</a>"
tt0303461,Firefly,2002,2003.0,37,8.9,301863,"Thomas J. Wright, Allan Kroeker, Joss Whedon, Marita Grabiak, Michael Grossman, Vern Gillum, James A. Contner, David Solomon, Vondie Curtis-Hall, Tim Minear","Ben Edlund, Jane Espenson, Jose Molina, Brett Matthews, Tim Minear, Cheryl Cain, Drew Z. Greenberg, Joss Whedon","Adventure, Sci-Fi","<a href=""https://www.imdb.com/title/tt0303461"" target=""_blank"">tt0303461</a>","<a href=""https://www.imdb.com/title/tt0303461"" target=""_blank"">Firefly</a>"
tt1865718,Gravity Falls,2012,2016.0,38,8.9,178239,"Stephen Sandoval, Rob Renzetti, John Aoshima, Joe Pitt, Sunil Hall, Matt Braly, Aaron Springer","Alex Hirsch, Michael Rianda, Zach Paez, Mark Rizzo, Jeff Rowe, Shion Takeuchi, Tim McKeon, Nancy Cohen, Matt Chapman, Tommy Reahard, M.A. Larson, Aury Wallington, Josh Weinstein, David Slack","Adventure, Animation, Comedy","<a href=""https://www.imdb.com/title/tt1865718"" target=""_blank"">tt1865718</a>","<a href=""https://www.imdb.com/title/tt1865718"" target=""_blank"">Gravity Falls</a>"
tt0213338,Cowboy Bebop,1998,1999.0,39,8.9,169241,"Kunihiro Mori, Shin'ichirô Watanabe, Yoshiyuki Takei, Hirokazu Yamada, Ikurô Satô, Tetsuya Watanabe","Shôji Kawamori, Keiko Nobumoto, Aya Yoshinaga, Shin'ichirô Watanabe, Dai Satô, Akihiko Inari, Michiko Yokote, Sadayuki Murai, Ryôta Yamaguchi","Action, Adventure, Animation","<a href=""https://www.imdb.com/title/tt0213338"" target=""_blank"">tt0213338</a>","<a href=""https://www.imdb.com/title/tt0213338"" target=""_blank"">Cowboy Bebop</a>"
tt31938062,The Pitt,2025,,40,8.9,147607,"Uta Briesewitz, Quyen Tran, John Cameron, John Wells, Noah Wyle, Damian Marcano, Silver Tree, Amanda Marsalis, Shawn Hatosy","R. Scott Gemmill, Cynthia Adarkwa, Kirsten Pierre-Geyfman, Valerie Chu, Elyssa Gershman, Noah Wyle, Simran Baidwan, Joe Sachs, Mel Herbert, Danny Hogan",Drama,"<a href=""https://www.imdb.com/title/tt31938062"" target=""_blank"">tt31938062</a>","<a href=""https://www.imdb.com/title/tt31938062"" target=""_blank"">The Pitt</a>"
tt0052520,The Twilight Zone,1959,1964.0,41,9.0,108679,"Roger Kay, Montgomery Pittman, Robert Butler, David Butler, David Greene, Ted Post, Robert Ellis Miller, Ida Lupino, Ralph Senensky, Ron Winston, Boris Sagal, Don Siegel, Jacques Tourneur, Anton Leader, Lamont Johnson, Richard Donner, David Orrick McDearmon, Harold D. Schuster, Robert Gist, Mitchell Leisen, Ralph Nelson, Douglas Heyes, Robert Parrish, Paul Stewart, David Lowell Rich, John Brahm, William F. Claxton, James Sheldon, Allen H. Miner, Jack Smight, Allen Reisner, Joseph M. Newman, Stuart Rosenberg, John Rich, Christian Nyby, Perry Lafferty, Don Weis, Robert Florey, Richard C. Sarafian, Norman Z. McLeod, Robert Enrico, Elliot Silverstein, Alan Crosland Jr., Bernard Girard, Alvin Ganzer, Buzz Kulik, Richard L. Bare, Abner Biberman, Don Medford, Walter Grauman, Justus Addiss, Robert Stevens, William Asher","Bill Idelson, Michael D. Rosenthal, Jerry Sohl, Frederick Louis Fox, Richard Matheson, Mike Korologos, Malcolm Jameson, Jerome Bixby, George Clayton Johnson, C.L. Moore, Henry Kuttner, Paul W. Fairman, Anthony Wilson, Robert Enrico, Lucille Fletcher, Oceo Ritch, Reginald Rose, John Furia, Lee Polk, Bernard C. Schoenfeld, Lou Holtz, Montgomery Pittman, Rod Serling, John Collier, Charles Beaumont, Martin Goldsmith, Sam Rolfe, Price Day, John Tomerlin, Bennett Cerf, Manly Wade Wellman, Ray Bradbury, Marvin Petal, Lynn Venable, Earl Hamner Jr., Ambrose Bierce, Adele T. Strassfield, Damon Knight, Robert Presnell Jr., E. Jack Neuman, Henry Slesar, Richard De Roy, Richard P. McDonagh, Jerry McNeely, Madelon Champion","Drama, Fantasy, Horror","<a href=""https://www.imdb.com/title/tt0052520"" target=""_blank"">tt0052520</a>","<a href=""https://www.imdb.com/title/tt0052520"" target=""_blank"">The Twilight Zone</a>"
tt1831164,Leyla and Mecnun,2011,2023.0,42,9.0,103720,"Funda Alp, Eyüp Boz, Orkun Ünlü, Celil Murat Sari, Murat Onbul, Onur Ünlü, Yüksel Aksu","Mert Tolga Demir, Sertaç Baycan, Hamza Asgin, Burak Aksak, Derem Ciray","Adventure, Comedy, Drama","<a href=""https://www.imdb.com/title/tt1831164"" target=""_blank"">tt1831164</a>","<a href=""https://www.imdb.com/title/tt1831164"" target=""_blank"">Leyla and Mecnun</a>"
tt9432978,Kota Factory,2019,2021.0,43,9.0,92166,"Raghav Subbu, Pratish Mehta","Saurabh Khanna, Nikita Lalwani, Puneet Batra, Manish Chandwani, Raghav Subbu, Abhishek Yadav, Manoj Kalwani, Arunabh Kumar, Pravin Yadav, Sandeep Jain","Comedy, Drama","<a href=""https://www.imdb.com/title/tt9432978"" target=""_blank"">tt9432978</a>","<a href=""https://www.imdb.com/title/tt9432978"" target=""_blank"">Kota Factory</a>"
tt10541088,Clarkson's Farm,2021,,44,9.0,85444,"Kit Lynch Robinson, Gavin Whitehead, Will Yapp",Jeremy Clarkson,"Comedy, Documentary, Reality-TV","<a href=""https://www.imdb.com/title/tt10541088"" target=""_blank"">tt10541088</a>","<a href=""https://www.imdb.com/title/tt10541088"" target=""_blank"">Clarkson's Farm</a>"
tt14986406,Bleach: Thousand-Year Blood War,2022,,45,9.0,75778,"Ouri Yasukawa, Hodaka Kuramoto, Hikaru Murata, Kaito Asakura, Ema Saito, Young-Hoon Chung, Shin'ichirô Ueda, Itoko Nagai, Tôru Hasegawa, Mitsutoshi Satô, Da Li Chen, Young Hoon Jeong, Takahiro Enokida, Tomohisa Taguchi, Takahiro Ôtsuka, Takumi Ichikawa, Yoshinori Odaka, Yusaku Kikuchi","Tite Kubo, Ardwight Chamberlain, Gavin Harrison, Tomohisa Taguchi, Masaki Hiramatsu","Action, Adventure, Animation","<a href=""https://www.imdb.com/title/tt14986406"" target=""_blank"">tt14986406</a>","<a href=""https://www.imdb.com/title/tt14986406"" target=""_blank"">Bleach: Thousand-Year Blood War</a>"
tt0081912,Only Fools and Horses,1981,2003.0,46,9.0,66112,"Gareth Gwenlan, Martin Shardlow, Bernard Thompson, Susan Belbin, Ray Butt, Mandie Fletcher, Tony Dow",John Sullivan,Comedy,"<a href=""https://www.imdb.com/title/tt0081912"" target=""_blank"">tt0081912</a>","<a href=""https://www.imdb.com/title/tt0081912"" target=""_blank"">Only Fools and Horses</a>"
tt1533395,Life,2009,2009.0,47,9.1,50405,"Mick Connaire, Martha Holmes","Paul Spillenger, Sara Edelson",Documentary,"<a href=""https://www.imdb.com/title/tt1533395"" target=""_blank"">tt1533395</a>","<a href=""https://www.imdb.com/title/tt1533395"" target=""_blank"">Life</a>"
tt0071075,The World at War,1973,1974.0,48,9.2,37905,"Jeremy Isaacs, Ted Childs, David Elstein, Martin Smith, Peter Batty, Phillip Whitehead, Michael Darlow, Hugh Raggett, John Pett","David Elstein, Charles Bloomberg, John Williams, Stuart Hood, Laurence Thompson, Charles Douglas-Home, Neal Ascherson, Jerome Kuehl, J.P.W. Mallalieu, Courtney Browne, Jeremy Isaacs, Anne Frank, David Wheeler, Angus Calder, Peter Batty","Documentary, History, War","<a href=""https://www.imdb.com/title/tt0071075"" target=""_blank"">tt0071075</a>","<a href=""https://www.imdb.com/title/tt0071075"" target=""_blank"">The World at War</a>"
tt2442560,Peaky Blinders,2013,2022.0,49,8.7,775409,"Tim Mielants, Tom Harper, David Caffrey, Colm McCarthy, Anthony Byrne, Otto Bathurst","Steven Knight, Toby Finlay, Stephen Russell","Crime, Drama","<a href=""https://www.imdb.com/title/tt2442560"" target=""_blank"">tt2442560</a>","<a href=""https://www.imdb.com/title/tt2442560"" target=""_blank"">Peaky Blinders</a>"
tt2085059,Black Mirror,2011,,50,8.7,737330,"David Slade, James Watkins, Bryn Higgins, Jodie Foster, John Hillcoat, Sam Miller, Timothy Van Patten, Toby Haynes, Ally Pankiw, James Hawes, Joe Wright, Brian Welsh, Euros Lyn, Luke Taylor, Carl Tibbetts, Colm McCarthy, Christopher Barrett, Owen Harris, Otto Bathurst, Jakob Verbruggen, Uta Briesewitz, John Crowley, Dan Trachtenberg, Haolu Wang, Anne Sewitsky","Bisha K. Ali, Michael Schur, Christopher Morris, William Bridges, Bekka Bowling, Charlie Brooker, Konnie Huq, Ella Road, Jesse Armstrong, Rashida Jones, Penn Jillette","Crime, Drama, Mystery","<a href=""https://www.imdb.com/title/tt2085059"" target=""_blank"">tt2085059</a>","<a href=""https://www.imdb.com/title/tt2085059"" target=""_blank"">Black Mirror</a>"
tt0412142,House,2004,2012.0,51,8.7,592393,"Keith Gordon, Nelson McCormick, Tony To, Félix Enríquez Alcalá, Bryan Singer, James Hayman, Hugh Laurie, Paul McCrane, Colin Bucksey, Andrew Bernstein, Fred Gerber, Guy Ferland, Laura Innes, Tucker Gates, Frederick King Keller, Miguel Sapochnik, Deran Sarafian, David Semel, Lesli Linka Glatter, Tim Southam, David Shore, Bill Johnson, Randy Zisk, Stefan Schwartz, Sanford Bookstaver, Peter Medak, David Platt, Matthew Penn, Peter Weller, Juan José Campanella, Gloria Muzio, Peter O'Fallon, Martha Mitchell, Nick Gomez, Julian Higgins, Greg Yaitanes, Daniel Sackheim, John F. Showalter, Matt Shakman, Tim Hunter, S.J. Clarkson, Elodie Keene, Jace Alexander, Bryan Spicer, Newton Thomas Sigel, Paris Barclay, Daniel Attias, Kate Woods, David Straiton, Katie Jacobs","Eli Attie, Leonard Dick, Sara Hess, Sean Whitesell, Matt Witten, John Mankiewicz, Liz Friedman, Carol Green, Doris Egan, John C. Kelley, David Foster, Sara B Cooper, David Shore, Matthew V. Lewis, Garrett Lerner, Joel Anderson Thompson, Danny Weiss, Thomas L. Moran, Dustin Paddock, David Hoselton, Pam Davis, Russel Friend, Michael R. Perry, Charles M. Duncan, Marqui Jackson, Peter Blake, Lawrence Kaplow, Kath Lingenfelter, Seth Hoffman, Jamie Conway",Drama,"<a href=""https://www.imdb.com/title/tt0412142"" target=""_blank"">tt0412142</a>","<a href=""https://www.imdb.com/title/tt0412142"" target=""_blank"">House</a>"
tt5753856,Dark,2017,2020.0,52,8.7,544805,Baran bo Odar,"Marc O. Seng, Jantje Friese, Daphne Ferraro, Baran bo Odar, Ronny Schalk, Martin Behnke","Crime, Drama, Mystery","<a href=""https://www.imdb.com/title/tt5753856"" target=""_blank"">tt5753856</a>","<a href=""https://www.imdb.com/title/tt5753856"" target=""_blank"">Dark</a>"
tt2707408,Narcos,2015,2017.0,53,8.7,527538,"José Padilha, Josef Kubota Wladyka, Fernando Coimbra, Guillermo Navarro, Andrés Baiz, Gerardo Naranjo, Gabriel Ripstein","Nick Schenk, Adam Fierro, Carlo Bernard, Steve Lightfoot, Curtis Gwinn, Allison Abner, Andrew Black, Eric Newman, Dana Ledoux Miller, Gideon Yago, David Matthews, Santa Sierra, Doug Miro, Dana Calvo, Samir Mehta, Zachary Reiter, Julie Siege, Zach Calig, Ashley Lyle, Jason George, Bart Nickerson, Paul Eckstein, Clayton Trussell, T.J. Brady, Rasheed Newson, Chris Brancato","Biography, Crime, Drama","<a href=""https://www.imdb.com/title/tt2707408"" target=""_blank"">tt2707408</a>","<a href=""https://www.imdb.com/title/tt2707408"" target=""_blank"">Narcos</a>"
tt0121955,South Park,1997,,54,8.7,443944,"Matt Stone, Eric Stough, Adrien Beard, Toni Wurts, Trey Parker","Matt Stone, Mike Rotman, Trisha Nixon, Bill Hader, Glasgow Phillips, Pam Brady, Dave Polsky, Erica Rivinoja, Charles Dickens, Susan Hurwitz Arneson, Karey Dornetto, Philip Stark, Brian Graden, Andrew Borakove, Tim Talbott, Kenny Hotz, Trey Parker, Jonathan Kimmel, Kristen Schaal, Dan Gurewitch, David R. Goodman, Carol Watson, Kyle McCulloch, Dan Sterling, Michael Anthony Snowden, Daisy Gardner, Kyle McCullough, Nancy M. Pimental","Animation, Comedy","<a href=""https://www.imdb.com/title/tt0121955"" target=""_blank"">tt0121955</a>","<a href=""https://www.imdb.com/title/tt0121955"" target=""_blank"">South Park</a>"
tt10986410,Ted Lasso,2020,,55,8.7,442666,"Declan Lowney, Erica Dunton, Destiny Ekaragha, Zach Braff, Ezra Edelman, Ellie Heydon, Tom Marshall, Sam Jones, Elliot Hegarty, MJ Delaney, Matt Lipsey","Sasha Garron, Chuck Hayward, Joe Kelly, Jamie Lee, Brett Goldstein, Julia Lindon, Dylan Marron, Brendan Hunt, Bill Lawrence, Bill Wrubel, Keeley Hazell, Jane Becker, Ashley Nicole Black, Phoebe Walsh, Jason Sudeikis, Jack Burditt, Leann Bowen","Comedy, Drama, Sport","<a href=""https://www.imdb.com/title/tt10986410"" target=""_blank"">tt10986410</a>","<a href=""https://www.imdb.com/title/tt10986410"" target=""_blank"">Ted Lasso</a>"
tt6741278,Invincible,2021,,56,8.7,335571,"Cory Evans, Jeff Allen, Paul Furminger, Robert Valley, Tanner Johnson, Haylee Herrick, Jae Harm, Jason Zurek, Jay Baker, Sol Choi, Ian Abando, Dan Duncan, Stephanie Gonzaga, William Ruzicka, Vinton Heuck, Shaun O'Neil","Vivian Lee, Helen Leigh, Ryan Ottley, Ross Stracke, Adria Lang, Curtis Gwinn, Simon Racioppa, Tania Lotia, Helen Shang, Amber Dupre, Cory Walker, Jay Faerber, Robert Kirkman, Matt Lambert, Ryan Ridley, Chris Black, Christine Lavaf","Action, Adventure, Animation","<a href=""https://www.imdb.com/title/tt6741278"" target=""_blank"">tt6741278</a>","<a href=""https://www.imdb.com/title/tt6741278"" target=""_blank"">Invincible</a>"
tt0804503,Mad Men,2007,2015.0,57,8.7,289811,"Tim Hunter, Ed Bianchi, Jon Hamm, Barbet Schroeder, Andrew Bernstein, Matthew Weiner, Lynn Shelton, Daisy von Scherler Mayer, John Slattery, Jared Harris, Phil Abraham, Scott Hornbacher, Lesli Linka Glatter, Paul Feig, Matt Shakman, Michael Uppendahl, Chris Manley, Jennifer Getzinger, Alan Taylor","Frank Pierson, Robin Veith, Kater Gordon, Cathryn Humphris, Tom Palmer, Jane Anderson, Marti Noxon, Semi Chellas, Dahvi Waller, Brett Johnson, Jonathan Abrahams, Jason Grote, Tom Smuts, Heather Jeng Bladt, Victor Levin, Maria Jacquemetton, Carly Wray, Matthew Weiner, David Iserson, Andrew Colville, Erin Levy, Bridget Bedard, Lisa Albert, Rick Cleveland, Keith Huff, Tracy McMillan, Chris Provenzano, Jonathan Igla, Janet Leahy, André Jacquemetton",Drama,"<a href=""https://www.imdb.com/title/tt0804503"" target=""_blank"">tt0804503</a>","<a href=""https://www.imdb.com/title/tt0804503"" target=""_blank"">Mad Men</a>"
tt0472954,It's Always Sunny in Philadelphia,2005,,58,8.8,281531,"Rob Mac, Richie Keen, Jamie Babbit, Pete Chatmon, Dave Chernin, LP, Imani Hakim, Todd Biermann, Tim Roche, Heath Cullens, John Fortenberry, Josh Drisko, Daniel Attias, Ashly Burch, Kimberly McCullough, Randall Einhorn, John Chernin, Megan Ganz, Matt Shakman, Fred Savage, Zachary Knighton, Nina Pedrad, Maurice Marable, Jerry Levine, Kat Coiro, Glenn Howerton","Katie McElhenney, Dave Chernin, Audra Sielaff, Charlie Hornsby, D.B. Weiss, Jordan Young, Lisa Parsons, Lee Sung Jin, David Benioff, Kristi Korzec, Scott Marder, Rob Mac, Lance Krall, Erin Ryan, Jon Silberman, Adam Stein, Maxwell Theodore Vivian, Luvh Rakhe, Eric Falconer, Rob Turbovsky, Rob Rosell, Andy Jones, Conor Galvin, David Hornsby, Keyonna Taylor, Adam Weinstock, Patrick Walsh, Dannah Feinglass Phirman, John Harris, Danielle Schneider, Becky Mann, Chris Romano, Nina Pedrad, Elijah Aron, Davis Kop, Mehar Sethi, Hunter Covington, Eric Ledgin, John Chernin, Ross Maloney, Matteo Borghese, Megan Ganz, Charlie Day, Chadd Gindin, Glenn Howerton, Josh Silberman",Comedy,"<a href=""https://www.imdb.com/title/tt0472954"" target=""_blank"">tt0472954</a>","<a href=""https://www.imdb.com/title/tt0472954"" target=""_blank"">It's Always Sunny in Philadelphia</a>"
tt3398228,BoJack Horseman,2014,2020.0,59,8.8,232816,"Tim Rauch, Mollie Helms, Martin Cendreda, Amy Winfrey, Otto Murga, James Bowman, JC Gonzalez, Matt Garofalo, Joel Moser, Aaron Long, Mike Roberts, Mike Hollingsworth, Matt Mariska, Anne Walker Farrell, Adam Parton, Peter Merryman","Joanna Calo, Caroline Williams, Kate Purdy, Mehar Sethi, Scott Chernoff, Kelly Galuska, Joe Lawson, Elijah Aron, Laura Gutin, Peter A. Knight, Nick Adams, Shauna McGarry, Scott Marder, Rachel Kaplan, Amy Schwartz, Jordan Young, Vera Santamaria, Raphael Bob-Waksberg, Minhal Baig, Alison Tafel, Alison Flierl, Jonny Sun","Animation, Comedy, Drama","<a href=""https://www.imdb.com/title/tt3398228"" target=""_blank"">tt3398228</a>","<a href=""https://www.imdb.com/title/tt3398228"" target=""_blank"">BoJack Horseman</a>"
tt0214341,Dragon Ball Z,1996,2003.0,60,8.8,177292,Daisuke Nishio,"Masashi Kubota, Jack Phelan, Andrew Rye, Eric Vale, Takao Koyama, Akira Toriyama, Joel Bergen, Neil Bligh, Steven J. Simmons, Chris Forbis","Action, Adventure, Animation","<a href=""https://www.imdb.com/title/tt0214341"" target=""_blank"">tt0214341</a>","<a href=""https://www.imdb.com/title/tt0214341"" target=""_blank"">Dragon Ball Z</a>"
tt0264235,Curb Your Enthusiasm,2000,2024.0,61,8.8,166520,"Tom Kramer, Jessie Nelson, Andy Ackerman, Erin O'Malley, Jeff Garlin, Robert B. Weide, Dean Parisot, Larry Charles, David Mandel, Cheryl Hines, Alec Berg, Bryan Gordon, David Steinberg, Jeff Schaffer, Keith Truesdell","David Mandel, Jon Hayman, Alec Berg, Justin Hurwitz, Jeff Schaffer, Larry David, Steve Leff, Carol Leifer, Nathaniel Stein",Comedy,"<a href=""https://www.imdb.com/title/tt0264235"" target=""_blank"">tt0264235</a>","<a href=""https://www.imdb.com/title/tt0264235"" target=""_blank"">Curb Your Enthusiasm</a>"
tt0193676,Freaks and Geeks,1999,2000.0,62,8.8,164606,"Lesli Linka Glatter, Ken Kwapis, Bryan Gordon, Ken Olin, Danny Leiner, Miguel Arteta, Jake Kasdan, Judd Apatow, Paul Feig","Mike White, Jeff Judah, Paul Feig, J. Elvis Weinstein, Judd Apatow, Rebecca Kirshner, Jonathan Kasdan, Bob Nickman, Patty Lin, Gabe Sachs, Steve Bannos","Comedy, Drama","<a href=""https://www.imdb.com/title/tt0193676"" target=""_blank"">tt0193676</a>","<a href=""https://www.imdb.com/title/tt0193676"" target=""_blank"">Freaks and Geeks</a>"
tt7137906,When They See Us,2019,2019.0,63,8.8,158675,Ava DuVernay,"Michael Starrbury, Robin Swicord, Julian Breece, Attica Locke, Ava DuVernay","Biography, Crime, Drama","<a href=""https://www.imdb.com/title/tt7137906"" target=""_blank"">tt7137906</a>","<a href=""https://www.imdb.com/title/tt7137906"" target=""_blank"">When They See Us</a>"
tt10233448,Vinland Saga,2019,2023.0,64,8.8,138035,"Shingo Uchida, Yoji Sato, Hiromi Nishiyama, Takahiro Kaneko, Tadahito Matsubayashi, Atsushi Kobayashi, Daisuke Kurose, Aiko Sakuraba, Shige Fukase, Takafumi Ishida, Shûjirô Ami, Shigatsu Yoshikawa, Iho Ishikawa, Tarô Kubo, Tokio Igarashi, Yûsuke Sunouchi, Yasuo Ejima, Tomoaki Koshida, Takashi Andô, Yôsuke Yamamoto, Kazuya Murata, Tomoko Hiramuki, Shûhei Yabuta, Michiru Itabisashi, Kento Matsui, Nobuyoshi Arai, Kôki Aoshima",Makoto Yukimura,"Action, Adventure, Animation","<a href=""https://www.imdb.com/title/tt10233448"" target=""_blank"">tt10233448</a>","<a href=""https://www.imdb.com/title/tt10233448"" target=""_blank"">Vinland Saga</a>"
tt14650074,Dhindora,2021,,65,8.8,126435,Himank Gaur,"Chetan Dange, Hussain Dalal, Abbas Dalal, Bhuvan Bam, Gopal Dutt","Comedy, Drama","<a href=""https://www.imdb.com/title/tt14650074"" target=""_blank"">tt14650074</a>","<a href=""https://www.imdb.com/title/tt14650074"" target=""_blank"">Dhindora</a>"
tt0072500,Fawlty Towers,1975,1979.0,66,8.8,111387,"Bob Spiers, John Howard Davies","John Cleese, Connie Booth",Comedy,"<a href=""https://www.imdb.com/title/tt0072500"" target=""_blank"">tt0072500</a>","<a href=""https://www.imdb.com/title/tt0072500"" target=""_blank"">Fawlty Towers</a>"
tt3530232,Last Week Tonight with John Oliver,2014,,67,8.8,105233,"Christopher Werner, Danny Jelinek, Eric Appel, Maurice Marable, Frank Prinzi, Bruce Leddy, Whit Conway, John Oliver, Jim Hoskinson, Laura Murphy, Amber Schaefer, Joe Perota, Elliot Mendelson, Paul Pennolino, David Wain","John Oliver, Seena Vali, Joanna Rothkopf, Chrissy Shackelford, Daniel O'Brien, Jill Twiss, Ali Barthwell, Will Tracy, Dan Gurewitch, Ryan Ken, Kevin Avery, Liz Hynes, Owen Parsons, Johnathan Appel, Jeff Maurer, Mark Kramer, Geoff Haggerty, Juli Weiner, Tim Carvell, Ben Silva, Greg Iwinski, Sofía Manfredi, Taylor Kay Phillips, Brian Parise, Charlie Redd, Scott Sherman, Josh Gondelman","Comedy, News, Talk-Show","<a href=""https://www.imdb.com/title/tt3530232"" target=""_blank"">tt3530232</a>","<a href=""https://www.imdb.com/title/tt3530232"" target=""_blank"">Last Week Tonight with John Oliver</a>"
tt35495073,Heated Rivalry,2025,,68,8.8,104686,Jacob Tierney,"Rachel Reid, Michael Goldbach, Jacob Tierney","Drama, Romance, Sport","<a href=""https://www.imdb.com/title/tt35495073"" target=""_blank"">tt35495073</a>","<a href=""https://www.imdb.com/title/tt35495073"" target=""_blank"">Heated Rivalry</a>"
tt0121220,Dragon Ball Z,1989,1996.0,69,8.8,103911,"Minoru Okazaki, Takahiro Imamura, Daisuke Nishio, Jôhei Matsuura, Tatsuya Orime, Osamu Kasai, Mitsuo Hashimoto, Kazuhisa Takenouchi, Yoshihiro Ueda, Shigeyasu Yamauchi","Hiroshi Toda, Aya Matsui, Masashi Kubota, Keiji Terui, Katsuyuki Sumizawa, Akira Toriyama, Takao Koyama, Atsushi Maekawa, Toshiki Inoue","Action, Adventure, Animation","<a href=""https://www.imdb.com/title/tt0121220"" target=""_blank"">tt0121220</a>","<a href=""https://www.imdb.com/title/tt0121220"" target=""_blank"">Dragon Ball Z</a>"
tt0112130,Pride and Prejudice,1995,1995.0,70,8.8,103452,Simon Langton,"Jane Austen, Andrew Davies","Drama, Romance","<a href=""https://www.imdb.com/title/tt0112130"" target=""_blank"">tt0112130</a>","<a href=""https://www.imdb.com/title/tt0112130"" target=""_blank"">Pride and Prejudice</a>"
tt0200276,The West Wing,1999,2006.0,71,8.9,99331,"David Nutter, Llewellyn Wells, Marc Buckland, Laura Innes, Alan Taylor, Jessica Yu, Paul McCrane, Alex Graves, Thomas Schlamme, Nelson McCormick, Arlene Sanford, Clark Johnson, Andrew Bernstein, Steve Shill, Kevin Rodney Sullivan, Jon Hutman, Michael Engler, Matia Karrell, Anthony Drazan, Tim Matheson, Mimi Leder, Lesli Linka Glatter, Richard Schiff, Robert Berlinger, Scott Winant, Michael Lehmann, Christopher Misiano, Rod Holcomb, John David Coles, Bill D'Elia, Vincent Misiano, Paris Barclay, Max Mayer, Bill Johnson, Don Scardino, Lou Antonio, Bryan Gordon, Julie Hébert, Ken Olin, Jason Ensler, Jeremy Kagan","Eli Attie, Peter McCabe, Josh Singer, Paul Redford, Dee Dee Myers, Rick Cleveland, Nanda Chitre, Peter Noah, Alexa Junge, Ron Osborn, Lawrence O'Donnell, Julie Margaret Hogben, Gene Sperling, Laura Glasser, Mark Goffman, John Wells, Aaron Sorkin, Jeff Reno, Patrick Caddell, Michael Oates Palmer, David Gerken, Peter Parnell, Jon Robin Baitz, Paula Yoo, John Sacret Young, Kevin Falls, Alex Graves, William Sind, Carol Flint, Debora Cahn, Lauren Schmidt Hissrich, David Handelman, Allison Abner, Bradley Whitford, Felicia Willson",Drama,"<a href=""https://www.imdb.com/title/tt0200276"" target=""_blank"">tt0200276</a>","<a href=""https://www.imdb.com/title/tt0200276"" target=""_blank"">The West Wing</a>"
tt22248376,Frieren: Beyond Journey's End,2023,,72,8.9,75748,"Fumie Muroi, Ken Andô, Ga-Hee Im, Nobuhiro Mutô, Aimi Yamauchi, Yohei Tsuchiya, Ayaka Tsuji, Hirotaka Mori, Taku Kimura, Kento Matsui, Izumi Seguchi, Daiki Harashina, Kazumasa Isogawa, Kentarô Hori, Haruka Yutoku, Hiroyuki Kobashi, Keiichirô Saitô, Tomoya Kitagawa, Kôta Mori, Kôki Fujimoto, Shin'ya Iino, Kakita Hayato, Nobuhide Kariya, Fujii Kunio, Takahiro Natori, Morio Asaka, Yoshiki Kawasaki, Keisuke Kojima, Tôru Iwasawa","Kanehito Yamada, Dallas Reid, Tomohiro Suzuki, Macy Anne Johnson, Tsukasa Abe","Adventure, Animation, Comedy","<a href=""https://www.imdb.com/title/tt22248376"" target=""_blank"">tt22248376</a>","<a href=""https://www.imdb.com/title/tt22248376"" target=""_blank"">Frieren: Beyond Journey's End</a>"
tt0296310,The Blue Planet,2001,2001.0,73,9.0,50913,Alastair Fothergill,"Alastair Fothergill, David Attenborough","Documentary, Family","<a href=""https://www.imdb.com/title/tt0296310"" target=""_blank"">tt0296310</a>","<a href=""https://www.imdb.com/title/tt0296310"" target=""_blank"">The Blue Planet</a>"
tt1877514,The Vietnam War,2017,2017.0,74,9.1,36806,"Ken Burns, Lynn Novick",Geoffrey C. Ward,"Documentary, History, War","<a href=""https://www.imdb.com/title/tt1877514"" target=""_blank"">tt1877514</a>","<a href=""https://www.imdb.com/title/tt1877514"" target=""_blank"">The Vietnam War</a>"
tt4574334,Stranger Things,2016,2025.0,75,8.6,1698638,"Matt Duffer, Uta Briesewitz, Shawn Levy, Andrew Stanton, Ross Duffer, Nimród Antal, Frank Darabont, Rebecca Thomas","Jessica Mecklenburg, Kate Trefry, Curtis Gwinn, Jessie Nickson-Lopez, Alison Tatlock, Matt Duffer, William Bridges, Ross Duffer, Justin Doble, Caitlin Schneiderhan, Paul Dichter","Drama, Fantasy, Horror","<a href=""https://www.imdb.com/title/tt4574334"" target=""_blank"">tt4574334</a>","<a href=""https://www.imdb.com/title/tt4574334"" target=""_blank"">Stranger Things</a>"
tt0773262,Dexter,2006,2013.0,76,8.6,934155,"Seith Mann, Stefan Schwartz, Ernest Dickerson, Tony Goldwyn, Brian Kirk, John Dahl, Jeremy Podeswa, Nick Gomez, Steve Shill, Keith Gordon, Holly Dale, Adam Davidson, Romeo Tirone, Robert Lieberman, Alik Sakharov, Michael Cuesta, Marcos Siega, Tim Hunter, S.J. Clarkson, Michael Lehmann, Michael C. Hall, Milan Cheylov","Chip Johannessen, Jennifer Yale, Lauren Gussis, Daniel Cerone, Drew Z. Greenberg, Wendy West, Tim Schlattmann, Kevin Maynard, Clyde Phillips, Arika Lisanne Mittman, James Manos Jr., Jim Leonard, Jeff Lindsay, Scott Buck, Karen Campbell, Melissa Rosenberg, Charles H. Eglee, Scott Reynolds, Adam Fierro, Manny Coto, Jace Richdale","Crime, Drama, Mystery","<a href=""https://www.imdb.com/title/tt0773262"" target=""_blank"">tt0773262</a>","<a href=""https://www.imdb.com/title/tt0773262"" target=""_blank"">Dexter</a>"
tt1190634,The Boys,2019,2026.0,77,8.6,867074,"Daniel Attias, Frederick E.O. Toye, Steve Boyum, Karen Gaviola, Batan Silva, Liz Friedlander, Nelson Cragg, Alex Graves, Matt Shakman, Sarah Boyd, Philip Sgriccia, Eric Kripke, Julian Holmes, Shana Stein, Dan Trachtenberg, Jennifer Phang, Stefan Schwartz, Catriona McKenzie","Anslem Richardson, Garth Ennis, Geoff Aull, Eric Kripke, Logan Ritchey, Michael Saltzman, Darick Robertson, Paul Grellong, Anne Cofell Saunders, Jessica Chou, Rebecca Sonnenshine, Meredith Glynn, Judalina Neira, George Mastras, Craig Rosenberg, David Reed, Ellie Monahan","Action, Comedy, Crime","<a href=""https://www.imdb.com/title/tt1190634"" target=""_blank"">tt1190634</a>","<a href=""https://www.imdb.com/title/tt1190634"" target=""_blank"">The Boys</a>"
tt8111088,The Mandalorian,2019,2023.0,78,8.6,653711,"Rick Famuyiwa, Rachel Morrison, Lee Isaac Chung, Robert Rodriguez, Jon Favreau, Dave Filoni, Taika Waititi, Carl Weathers, Bryce Dallas Howard, Peyton Reed, Deborah Chow, Peter Ramsey","Dave Filoni, George Lucas, Noah Kloor, Jon Favreau, Christopher Yost, Rick Famuyiwa","Action, Adventure, Fantasy","<a href=""https://www.imdb.com/title/tt8111088"" target=""_blank"">tt8111088</a>","<a href=""https://www.imdb.com/title/tt8111088"" target=""_blank"">The Mandalorian</a>"
tt1856010,House of Cards,2013,2018.0,79,8.6,559385,"Charles McDougall, Louise Friedberg, Ami Canaan Mann, John Dahl, Alex Graves, Thomas Schlamme, Kari Skogland, David Fincher, Joel Schumacher, Daniel Minahan, Alik Sakharov, Agnieszka Holland, Roxann Dawson, James Foley, Michael Morris, Carl Franklin, Tucker Gates, Allen Coulter, John David Coles, Tom Shankland, Jakob Verbruggen, Ernest Dickerson, Robin Wright, Jodie Foster, Stacie Passon","Sarah Treem, Charlotte Stoudt, Jerome Hairston, Michael Dobbs, Rick Cleveland, David Manson, Tian Jun Gu, Sam Forman, Frank Pugliese, Bill Kennedy, Sharon Hoffman, John Mankiewicz, Kate Barnow, Laura Eason, Jason Horwitch, Bill Cain, Keith Huff, Melissa James Gibson, Andrew Davies, Beau Willimon, Kenneth Lin, Gina Gionfriddo","Drama, Thriller","<a href=""https://www.imdb.com/title/tt1856010"" target=""_blank"">tt1856010</a>","<a href=""https://www.imdb.com/title/tt1856010"" target=""_blank"">House of Cards</a>"
tt3322312,Daredevil,2015,2018.0,80,8.6,530989,"Toa Fraser, Lukas Ettlin, Ken Girotti, Floria Sigismondi, Steven S. DeKnight, Michael Uppendahl, Sam Miller, Brad Turner, Julian Holmes, Jennifer Getzinger, Jet Wilkinson, Alex Zakrzewski, Guy Ferland, Andy Goddard, Adam Kane, Marc Jobst, Jennifer Lynch, Alex Garcia Lopez, Nick Gomez, Peter Hoar, Stephen Surjik, Nelson McCormick, Euros Lyn, Farren Blackburn, Phil Abraham","John C. Kelley, Tonya Kong, Sarah Streicher, Marco Ramirez, Dara Resnik, Erik Oleson, Whit Anderson, Tamara Becher, Luke Kalteux, Sam Ernst, Bill Everett, Sonay Hoffman, Lauren Schmidt Hissrich, Sneha Koorse, Mark Verheiden, Ruth Fletcher, Joe Pokaski, Lewaa Nasserdeen, Dylan Gallagher, Stan Lee, Jim Dunn, Christos N. Gage, Steven S. DeKnight, Douglas Petrie, Drew Goddard","Action, Crime, Drama","<a href=""https://www.imdb.com/title/tt3322312"" target=""_blank"">tt3322312</a>","<a href=""https://www.imdb.com/title/tt3322312"" target=""_blank"">Daredevil</a>"
tt0096697,The Simpsons,1989,,81,8.6,468542,"Jennifer Moeller, Dominic Polcino, Wes Archer, Jorge R. Gutiérrez, Brad Bird, Pete Michels, Jen Kamerman, Guillermo del Toro, Susie Dietter, Gabriel DeFrancesco, Lance Kramer, Timothy Bailey, Debbie Bruce Mahan, Matthew Schofield, Kent Butterworth, Eric Koenig, Swinton O. Scott III, Chris Clements, Rob Oliver, Jim Reardon, John Harvatine IV, Bob Anderson, Steven Dean Moore, Alan Smart, Carlos Baeza, Mike Frank Polcino, Gregg Vanzo, David Silverman, David Mirkin, Chuck Sheetz, Michael Marcantel, Klay Hall, Matthew Faughnan, Mark Kirkland, Milton Gray, Lauren MacMullan, Jeffrey Lynch, Mike B. Anderson, Mark Ervin, Raymond S. Persi, Matthew Nastuk, Neil Affleck, Shaun Cashman, Nancy Kruse, Rich Moore, Ralph Sosa","Richard Appel, Allen Glazier, Daniel Chun, Mike B. Anderson, Julie Chambers, Ken Keeler, Nick Dahan, Cesar Mazariegos, David X. Cohen, Nancy Cartwright, Frank Mula, Rachel Pulido, David Cryan, Eric Kaplan, James L. Brooks, Ken Levine, Dan Vebber, Billy Kimball, Ben Joseph, Josh Lieb, Mimi Pond, David Chambers, Ron Zimmerman, Daniel Furlong, Neal Boushell, Jessica Conrad, Mert Rich, Howard Gewirtz, Elisabeth Kiernan Averick, Bill Canterbury, Wallace Wolodarsky, William Wright, Spike Feresten, Ron Hauge, Michael Carrington, Kevin Curran, David Mirkin, Jeff Westbrook, Zach Posner, Don Payne, Jenna Martin, Steve Viksten, Stephanie Gillis, Dick Blasucci, Jane O'Brien, Steve Tompkins, Damilare Sonoiki, Matt Selman, Carolyn Omine, Josh Weinstein, Michael Ferris, Pete Holmes, David Isaacs, Steve O'Donnell, Valentina Garza, Robin Stein, Gary Apple, Mike Scully, Conan O'Brien, Vince Waldron, Dana Gould, Brian K. Roberts, Bill Freiberger, Matt Marshall, J. Stewart Burns, Juliet Kaufman, Deb Lacusta, Loni Steele Sosthand, Brian Pollack, Dan Castellaneta, Jennifer Ventimilia, Richard Doctorow, Jorge R. Gutiérrez, Matt Warburton, Mick Kelly, Matt Groening, David Mandel, Chris Cluess, David M. Stern, Samantha Martin, Patric M. Verrone, Bill Oakley, Peter Gaffney, Jennifer Crittenden, Max Cohn, David Richardson, Ricky Gervais, Harry Shearer, Tom Gammill, Neil Campbell, Robert Cohen, Nell Scovell, Joel H. Cohen, John Harvatine IV, Broti Gupta, Bill Odenkirk, Dan Greaney, David H. Steinberg, Brendan Hay, Larry Doyle, Mike Reiss, Julia Prescott, Ian Maxtone-Graham, John Swartzwelder, Steve Pepoon, Judd Apatow, Jay Kogen, Marc Wilmore, Simon Rich, Julie Thacker-Scully, Christine Nangle, Sylvain Chomet, Peter Tilden, Dennis Snee, John Frink, Megan Amram, Justin Hurwitz, Jonathan Collier, Miranda Thompson, Brian Kelley, Mitch Glazer, David Sacks, Dan McGrath, Bob Kushell, Evan Goldberg, Jon Vitti, David Silverman, Thomas Chastain, Greg Daniels, Eric Horsted, Brian Scully, Brent Forrester, Michael Price, Jeff Martin, Donick Cary, Al Jean, Ryan Koh, Jack Barth, Tom Root, Robin Sayers, Sam O'Neal, Seth Rogen, Edgar Allan Poe, Max Pross, Bob Bendetson, Rob LaZebnik, Tim Long, Danielle Weisberg, Sam Simon, Joshua Sternin, Brian McConnachie, Michael Nobori, Reid Harrison, Adam I. Lapidus, Steve Young, Jace Richdale, Tom Martin, Jane Becker, Jon Kern, Andrew Kreisberg, Dave King, George Meyer, Ned Goldreyer, Johnny LaZebnik, Renee Ridgeley","Animation, Comedy","<a href=""https://www.imdb.com/title/tt0096697"" target=""_blank"">tt0096697</a>","<a href=""https://www.imdb.com/title/tt0096697"" target=""_blank"">The Simpsons</a>"
tt5290382,Mindhunter,2017,2019.0,82,8.6,396529,"David Fincher, Andrew Dominik, Andrew Douglas, Asif Kapadia, Tobias Lindholm, Carl Franklin","Courtenay Miles, Doug Jung, Jennifer Haley, Mark Olshaker, Alex Metcalf, Liz Hannah, Dominic Orlando, John Douglas, Tobias Lindholm, Carly Wray, Erin Levy, Phillip Howze, Joe Penhall, Pamela Cederquist, Jason Johnson, Joshua Donen, Colin J. Louro, Ruby Rae Spiegel, Shaun Grant","Crime, Drama, Mystery","<a href=""https://www.imdb.com/title/tt5290382"" target=""_blank"">tt5290382</a>","<a href=""https://www.imdb.com/title/tt5290382"" target=""_blank"">Mindhunter</a>"
tt11280740,Severance,2022,,83,8.6,388309,"Aoife McArdle, Kogonada, Samuel Donovan, Uta Briesewitz, Ben Stiller, Jessica Lee Gagné","Adam Countee, Wei-Ning Yu, Mark Friedman, Megan Ritchie, Anna Ouyang Moench, Kari Drake, Erin Wagoner, Dan Erickson, Mohamad El Masri, Helen Leigh, Andrew Colville, Amanda Overton, K.C. Perry, Chris Black","Drama, Mystery, Sci-Fi","<a href=""https://www.imdb.com/title/tt11280740"" target=""_blank"">tt11280740</a>","<a href=""https://www.imdb.com/title/tt11280740"" target=""_blank"">Severance</a>"
tt0367279,Arrested Development,2003,2019.0,84,8.6,343684,"Jason Bateman, Troy Miller, Lev L. Spiro, John Fortenberry, Paul Feig, Rebecca Asher, Jay Chandrasekhar, Robert Berlinger, Jeff Melman, Joe Russo, Chuck Martin, Danny Leiner, Mitchell Hurwitz, Greg Mottola, Anthony Russo, Lee Shallat Chemel, Peter Lauer, John Amodeo, Patty Jenkins, Arlene Sanford, Andrew Fleming","Mitchell Hurwitz, Joey Slamon, Sam Laybourne, James Vallely, Abraham Higginbotham, Brad Copeland, Maggie Rowe, Brian C. Singleton, Hallie Cantor, Richard Day, Ron Weiner, Lisa Parsons, Karey Dornetto, John Levenstein, Jim Brandon, Chris Marrs, Chuck Tatham, Richard Rosenstock, Chuck Martin, Evan Mann, Jake Farrow, Courtney Lilly, Paul Rust, Caroline Williams, Dean Lorey, Tom Saunders, Barbie Adler, Matt Kirshen, Gareth Reynolds",Comedy,"<a href=""https://www.imdb.com/title/tt0367279"" target=""_blank"">tt0367279</a>","<a href=""https://www.imdb.com/title/tt0367279"" target=""_blank"">Arrested Development</a>"
tt1266020,Parks and Recreation,2009,2015.0,85,8.6,314787,"Michael Schur, Ken Whittingham, Amy Poehler, Greg Daniels, Matt Sohn, Alan Yang, Jaime Eliezer Karas, Craig Zisk, Millicent Shelton, Paul Feig, Troy Miller, Beth McCarthy-Miller, Nicole Holofcener, Dean Holland, Morgan Sackett, Nick Offerman, Tucker Gates, Julie Anne Robinson, Robert B. Weide, Rob Schrab, Jorma Taccone, David Rogers, Tom Magill, Michael McCullers, Alex Hardcastle, Adam Scott, Kyle Newacheck, Michael Trim, Ken Kwapis, Wendey Stanzler, Tristram Shapeero, Charles McDougall, Norm Hiscock, Jeffrey Blitz, Jason Woliner, Randall Einhorn, Dan Goor, Seth Gordon","Rachel Axler, Norm Hiscock, Aisha Muharrar, Jen Statsky, Greg Levine, Brian Rowe, Mike Scully, Sam Means, Katie Dippold, Emily Spivey, Nate DiMeo, Rachna Fruchbom, Emma Fletcher, Joe Mande, Chelsea Peretti, Matt Hubbard, Megan Amram, Harris Wittels, Alexandra Rushfield, Greg Daniels, Matt Murray, Donick Cary, Amy Poehler, Emily Kapnek, Michael Schur, Dan Goor, Tucker Cawley, Alan Yang, Nick Offerman, Dave King",Comedy,"<a href=""https://www.imdb.com/title/tt1266020"" target=""_blank"">tt1266020</a>","<a href=""https://www.imdb.com/title/tt1266020"" target=""_blank"">Parks and Recreation</a>"
tt4236770,Yellowstone,2018,2024.0,86,8.6,310350,"Christina Alexandra Voros, Taylor Sheridan, Stephen Kay, Ed Bianchi, Guy Ferland, Ben Richardson, Michael Friedman, John Dahl","Brett Conrad, John Coveny, Eric Jay Beck, Ian McCulloch, John Linson, Taylor Sheridan","Drama, Western","<a href=""https://www.imdb.com/title/tt4236770"" target=""_blank"">tt4236770</a>","<a href=""https://www.imdb.com/title/tt4236770"" target=""_blank"">Yellowstone</a>"
tt4786824,The Crown,2016,2023.0,87,8.6,281059,"Paul Whittington, Erik Richter Strand, May el-Toukhy, Jessica Hobbs, Samuel Donovan, Benjamin Caron, Philip Martin, Alex Gabassi, Christian Schwochow, Julian Jarrold, Philippa Lowthorpe, Stephen Daldry","Peter Morgan, Daniel Marc Janes, Edward Hemming, Malcolm McGonigle, Jonathan Wilson, James Graham, Duncan Macmillan, Amy Jenkins, Meriel Sheibani-Clare, Jon Brittain, Nick Payne, Laura Deeley, David Hancock, Tom Edge","Biography, Drama, History","<a href=""https://www.imdb.com/title/tt4786824"" target=""_blank"">tt4786824</a>","<a href=""https://www.imdb.com/title/tt4786824"" target=""_blank"">The Crown</a>"
tt9253284,Andor,2022,2025.0,88,8.6,275924,"Ariel Kleiman, Toby Haynes, Benjamin Caron, Alonso Ruizpalacios, Susanna White, Janus Metz","Tony Gilroy, George Lucas, Tom Bissell, Stephen Schiff, Beau Willimon, Dan Gilroy","Action, Adventure, Drama","<a href=""https://www.imdb.com/title/tt9253284"" target=""_blank"">tt9253284</a>","<a href=""https://www.imdb.com/title/tt9253284"" target=""_blank"">Andor</a>"
tt0106179,The X-Files,1993,2018.0,89,8.6,272975,"Michelle MacLaren, David Nutter, Rod Hardy, Richard Compton, James A. Contner, Robert Mandel, Tucker Gates, Cliff Bole, James Whitmore Jr., Ralph Hemecker, Chris Carter, James Wong, Fred Gerber, Allen Coulter, Michael Lange, R.W. Goodwin, Stephen Surjik, Win Phelps, Barry K. Thomas, John Shiban, Michael Katleman, Dwight H. Little, Kevin Hooks, Brett Dowler, Nick Marck, Holly Dale, Paul Shapiro, Carol Banker, Thomas J. Wright, William A. Graham, Terrence O'Hara, Joe Napolitano, Robert Lieberman, Tony Wharmby, Larry Shaw, Michael W. Watkins, Jim Charleston, Michael Vejar, Darin Morgan, Glen Morgan, Vince Gilligan, Gillian Anderson, Daniel Sackheim, Rob Bowman, Harry Longstreet, David Duchovny, Frank Spotnitz, Jerrold Freedman, Bryan Spicer, Kim Manners, Peter Markle","David Duchovny, Larry Barber, Jeffrey Bell, Frank Spotnitz, David Greenwalt, Kim Newton, Vince Gilligan, Marilyn Osborn, Dan Angel, Sara B Cooper, Scott Kaufer, Kenneth Biller, Tom Maddox, Chris Ruppenthal, Alex Gansa, Paul Brown, Vivian Mayhew, Mike Wollaeger, Kristen Cloke, Darin Morgan, Glen Morgan, Howard Gordon, Gillian Anderson, Margaret Fearon, Paul Barber, James Wong, Shannon Hamblin, Billy Brown, Daniel Arkin, Steve De Jarnatt, Jim Guttridge, William B. Davis, Tim Minear, William Gibson, Chris Carter, Thomas Schnauz, Chip Johannessen, Greg Walker, Brad Follmer, Karen Nielsen, David Amann, Charles Grant Craig, Kenneth H. Hawryliw, Stephen King, Mat Beck, John Shiban, Steven Maeda, R.W. Goodwin, Valerie Mayhew, Jessica Scott, Jeff Vlaming, Benjamin Van Allen, Anne Simon, Chris Brancato, Gabe Rotter","Adventure, Crime, Drama","<a href=""https://www.imdb.com/title/tt0106179"" target=""_blank"">tt0106179</a>","<a href=""https://www.imdb.com/title/tt0106179"" target=""_blank"">The X-Files</a>"
tt0098936,Twin Peaks,1990,1991.0,90,8.7,246479,"Mark Frost, Todd Holland, Duwayne Dunham, Caleb Deschanel, Diane Keaton, James Foley, Jonathan Sanger, Graeme Clifford, Tina Rathborne, Lesli Linka Glatter, Tim Hunter, Uli Edel, David Lynch, Stephen Gyllenhaal","Scott Frost, Harley Peyton, Barry Pullman, David Lynch, Robert Engels, Mark Frost, Jerry Stahl, Tricia Brock","Crime, Drama, Mystery","<a href=""https://www.imdb.com/title/tt0098936"" target=""_blank"">tt0098936</a>","<a href=""https://www.imdb.com/title/tt0098936"" target=""_blank"">Twin Peaks</a>"
tt1606375,Downton Abbey,2010,2015.0,91,8.7,246219,"Jon East, Philip John, Jeremy Webb, Edward Hall, James Strong, Brian Percival, Catherine Morshead, Ashley Pearce, Ben Bolt, Brian Kelly, Andy Goddard, David Evans, Minkie Spiro, Michael Engler","Julian Fellowes, Tina Pepler, Shelagh Stephenson","Drama, Romance","<a href=""https://www.imdb.com/title/tt1606375"" target=""_blank"">tt1606375</a>","<a href=""https://www.imdb.com/title/tt1606375"" target=""_blank"">Downton Abbey</a>"
tt5687612,Fleabag,2016,2019.0,92,8.7,246151,"Tim Kirkby, Harry Bradbeer",Phoebe Waller-Bridge,"Comedy, Drama","<a href=""https://www.imdb.com/title/tt5687612"" target=""_blank"">tt5687612</a>","<a href=""https://www.imdb.com/title/tt5687612"" target=""_blank"">Fleabag</a>"
tt27497448,A Knight of the Seven Kingdoms,2026,,93,8.7,240880,"Andrea Harkin, Owen Harris, Sarah Adina Smith","Ti Mikkel, Hiram Martinez, Annie Julia Wyman, George R.R. Martin, Aziza Barnes, Ira Parker","Action, Adventure, Drama","<a href=""https://www.imdb.com/title/tt27497448"" target=""_blank"">tt27497448</a>","<a href=""https://www.imdb.com/title/tt27497448"" target=""_blank"">A Knight of the Seven Kingdoms</a>"
tt0988824,Naruto: Shippuden,2007,2017.0,94,8.7,222235,"Masahiko Murata, Masayuki Yamada, Osamu Kobayashi, Daisuke Tsukushi, Yûki Arie, Yasuhiro Minami, Hiroyoshi Kishikawa, Toshiyuki Tsuru, Masato Kitagawa, Hiroyuki Yamashita, Atsushi Wakabayashi, Chiaki Kon, Chiyuki Tanaka, Tomokazu Iwasaki, Mitsutoshi Satô, Hayato Gôda, Akitoshi Yokoyama, Masaaki Kumagai, Toshiaki Kanbara, Yûsuke Onoda, Chikara Sakurai, Maki Odaira, Shinji Satô, Yûki Kinoshita, Shuu Watanabe, Fujiaki Asari, Seiki Takuno, Akira Shimizu, Eiko Nishi, Yoshinori Odaka, Toshiro Fujii, Masaharu Watanabe, Mitsuto Yamaji, Yuki Sugihara, Naoki Horiuchi, Ken'ichi Nishida, Kazuya Iwata, Kiyomu Fukuda, Kunitoshi Okajima, Atsushi Nigorikawa, Yasumi Mikamoto, Hideaki Uehara, Kazunori Mizuno, Hayato Date, Masayuki Matsumoto, Mitsutaka Noshitani, Takahiro Okao, Shigeharu Takahashi, Minoru Yamaoka, Takahiro Ono, Kiyoshi Murayama, Yoshihiro Sugai, Toshinori Watanabe, Eitarô Ano, Masahiro Takada, Hiroyuki Tsuchiya, Ayumu Ono, Hideyuki Yoshida, Osamu Sekita, Hiroshi Kimura","Daisuke Watanabe, Toshiyuki Tsuru, Osamu Kobayashi, Masashi Kishimoto, Masanao Akahoshi, Hideto Tanaka, Shin Yoshida, Liam O'Brien, Junki Takegami, Satoru Nishizono, Yuka Miyata, Masaya Honda, Kento Shimoyama, Katsuhiko Chiba, Yasuyuki Suzuki, Masahiro Hikokubo","Action, Adventure, Animation","<a href=""https://www.imdb.com/title/tt0988824"" target=""_blank"">tt0988824</a>","<a href=""https://www.imdb.com/title/tt0988824"" target=""_blank"">Naruto: Shippuden</a>"
tt0384766,Rome,2005,2007.0,95,8.7,204085,"Carl Franklin, Timothy Van Patten, John Maybury, Mikael Salomon, Alan Taylor, Michael Apted, Roger Young, Adam Davidson, Julian Farino, Alan Poul, Jeremy Podeswa, Allen Coulter, Steve Shill, Alik Sakharov","Alexandra Cunningham, John Milius, Todd Ellis Kessler, Eoghan Mahony, Bruno Heller, Adrian Hodges, Scott Buck, Mere Smith, David Frankel, William J. MacDonald","Action, Drama, Romance","<a href=""https://www.imdb.com/title/tt0384766"" target=""_blank"">tt0384766</a>","<a href=""https://www.imdb.com/title/tt0384766"" target=""_blank"">Rome</a>"
tt0407362,Battlestar Galactica,2004,2009.0,96,8.7,186827,"Brad Turner, Paul A. Edwards, Edward James Olmos, Jean de Segonzac, Jonas Pate, James Head, John Dahl, Sergio Mimica-Gezzan, Rod Hardy, Gwyneth Horder-Payton, Wayne Rose, Allan Kroeker, Jeff Woolnough, Bill Eagles, Reynaldo Villalobos, Michael Rymer, Marita Grabiak, Robert M. Young, Anthony Hemingway, Félix Enríquez Alcalá, Michael Nankin, Ronald D. Moore","Ronald D. Moore, Michael Taylor, Jeff Vlaming, Dawn Prestwich, Glen A. Larson, Toni Graphia, Nicole Yorkin, David Weddle, Michael Rymer, Carla Robinson, Mark Verheiden, David Eick, Joel Anderson Thompson, Jane Espenson, Bradley Thompson, Seamus Kevin Fahey, Anne Cofell Saunders, Ryan Mottesheard, Michael Angeli","Action, Adventure, Drama","<a href=""https://www.imdb.com/title/tt0407362"" target=""_blank"">tt0407362</a>","<a href=""https://www.imdb.com/title/tt0407362"" target=""_blank"">Battlestar Galactica</a>"
tt5555260,This Is Us,2016,2022.0,97,8.7,174325,"Milo Ventimiglia, Justin Hartley, George Tillman Jr., Glenn Steelman, Jessica Yu, Catherine Hardwicke, John Requa, Wendey Stanzler, Timothy Busfield, John Fortenberry, Mandy Moore, Roxann Dawson, Chris Koch, Kevin Rodney Sullivan, Rebecca Asher, Anne Fletcher, Jon Huertas, Joanna Kerns, Yasu Tanida, Sarah Pia Anderson, Kevin Hooks, Chris Sullivan, Craig Zisk, Silas Howard, James Takata, Zetna Fuentes, Regina King, Uta Briesewitz, Ken Olin, Glenn Ficarra, Helen Hunt, Sarah Boyd, Kay Oyegun","Kay Oyegun, Jake Schnesel, Bekah Brunstetter, Laura Kenar, Susan Kelechi Watson, Tyler Bensinger, Chrissy Metz, Aurin Squire, Elizabeth Berger, K.J. Steinberg, Shukree Tilghman, Vera Herbert, Jas Waters, Elan Mastai, Jon Dorsey, Jonny Gomez, Danielle Bauman, Eboni Freeman, Donald Todd, Tim O'Brien, Dan Fogelman, Julia Brownell, Kevin Falls, Don Roos, Casey Johnson, Isaac Aptaker, Joe Lawson, David Windsor","Comedy, Drama, Romance","<a href=""https://www.imdb.com/title/tt5555260"" target=""_blank"">tt5555260</a>","<a href=""https://www.imdb.com/title/tt5555260"" target=""_blank"">This Is Us</a>"
tt0248654,Six Feet Under,2001,2005.0,98,8.7,168025,"Allen Coulter, Alan Ball, Miguel Arteta, Daniel Attias, Peter Care, Alan Poul, Jeremy Podeswa, Rodrigo García, Peter Webber, Joshua Marston, Alan Taylor, Jim McBride, Nicole Holofcener, Lisa Cholodenko, Daniel Minahan, Rose Troche, John Patterson, Kathy Bates, Michael Engler, Alan Caso, Adam Davidson, Michael Cuesta, Matt Shakman, Karen Moncrieff, Mary Harron","Nancy Oliver, Johnny Otto, Alan Ball, Tim Williams, Bruce Eric Kaplan, Scott Buck, Kate Robin, Joey Soloway, Laurence Andries, Craig Wright, Christian Taylor, Christian Williams, Rick Cleveland","Comedy, Drama","<a href=""https://www.imdb.com/title/tt0248654"" target=""_blank"">tt0248654</a>","<a href=""https://www.imdb.com/title/tt0248654"" target=""_blank"">Six Feet Under</a>"
tt0092455,Star Trek: The Next Generation,1987,1994.0,99,8.7,149764,"Robert Becker, Paul Lynch, Alexander Singer, Robert Legato, Joseph L. Scanlan, LeVar Burton, Michael Vejar, Timothy Bond, Win Phelps, Michael Ray Rhodes, Cliff Bole, Marvin V. Rush, Adam Nimoy, Winrich Kolbe, Robert Lederman, Robert Scheerer, Tom Benko, Chip Chalmers, David Livingston, Richard Compton, James L. Conway, Corey Allen, Kim Manners, Robert Wiemer, Larry Shaw, Richard A. Colla, Rob Bowman, Russ Mayberry, David Carson, Dan Curry, Jonathan Frakes, Jonathan West, Robert Iscove, Patrick Stewart, Gabrielle Beaumont, Gates McFadden, Peter Lauritson, Les Landau","Joe Menosky, Matthew Corey, Jaron Summers, Mona Clee, John Whelpley, Rene Balcer, Mark Kalbfeld, Michael Halperin, Hilary Bader, Diana Dru Botsford, Harold Apter, Trent Christopher Ganino, Kacey Arnold-Ince, Jon Povill, D.C. Fontana, Sandy Fries, Dennis Bailey, Kurt Michael Bensmiller, Michael I. Wagner, Peter Allan Fields, Jacqueline Zambrano, Scott Rubenstein, Jake Jacobs, Hannah Louise Shearer, Richard Fliegel, Katharyn Powers, Richard Krzemien, Stuart Charno, Bruce D. Arthurs, James Kahn, James E. Brooks, Jeanne Carrigan-Fauci, David Carren, Robert McCullough, J. Larry Carroll, Randee Russell, Robert Sabaroff, Tim de Haas, Ed Zuckerman, Gregory Amos, Ken Schafer, John Mason, Arthur Conan Doyle, Larry Forrester, Burton Armus, Lance Dickson, Jeanna F. Gallo, Hans Beimler, Ira Steven Behr, David Kemper, Michael Baron, Pamela Douglas, David Assael, Ronald D. Moore, Rick Berman, Grant Rosenberg, L.J. Scott, Les Menchen, René Echevarria, Adam Belanoff, Reuben Leder, Paul Ruben, Maurice Hurley, William N. Stape, Leonard Mlodinow, Michael Reaves, Ronald Wilkerson, Drew Deighan, Beth Woods, T. Michael, Deborah Dean Davis, Tom Kartozian, Pamela Gray, Johnny Dawkins, Paul Schiffer, Fred Bronson, David Bischoff, Dan Koeppel, Allison Hock, Joseph Stefano, Wanda M. Haight, Brian Alan Lane, Robert Hewitt Wolfe, Ralph Sanchez, Michael Piller, Diane Duane, Herbert Wright, Robert Lewin, Ron Roman, Sally Caves, Alan J. Adler, Michael A. Medlock, Philip A. Scorza, Brannon Braga, Thomas H. Calder, Thomas Perry, Patrick Barry, Jean Louise Matthias, Vanessa Greene, Susan Sackett, Eric A. Stillwell, Deborah McIntyre, W. Reed Moran, Shawn Piller, Lisa Rich, Bryan Stewart, John D.F. Black, Ron Jarvis, Jack B. Sowards, Barry M. Schkolnick, Frank Abatemarco, Cy Chermak, Sara B Cooper, Philip LaZebnik, Jaq Greenspon, Lee Sheldon, Robin Bernheim, Marc Cushman, Mike Gray, David Landsberg, Lawrence V. Conley, Roger Eschbacher, Antonia King, Sam Rolfe, Lan O'Kun, Ted Roberts, Nick Sagan, Jeri Taylor, Richard Manning, Melinda M. Snodgrass, Naren Shankar, Michel Horvat, Marc Scott Zicree, Michael Michaelian, William Douglas Lansford, Richard Danus, Karl Geurs, Steve Gerber, Spike Steingasser, Edithe Swensen, Jo Perry, Ward Botsford, Morgan Gendel, Peter S. Beagle, Christopher Hatton, Gene Roddenberry, Worley Thorne, Tracy Tormé, Shari Goodhartz, Ralph Phillips, Susanne Lambdin","Action, Adventure, Drama","<a href=""https://www.imdb.com/title/tt0092455"" target=""_blank"">tt0092455</a>","<a href=""https://www.imdb.com/title/tt0092455"" target=""_blank"">Star Trek: The Next Generation</a>"
tt1628033,Top Gear,2002,2022.0,100,8.7,136728,"Ollie Bartlett, Brian Klein, Lee Ford, Chris Hooke, Gerry Pomeroy, Babak Zand Goodarzi, Richard Heeley, Michael Massey, Nigel Simpkiss, Richard Thomson, Southan Morris, Scott Weintrob, Michael Armit, Ben Duncan, James Wiseman, Nikki Parsons, Ben Southwell, Edward Bazalgette, Graham Sherrington, Owen Trevor, Andrew Fettis, James Bryce, Benji Edwards, Phil Churchward, Gary Broadhurst, Dennis Jarvis, Lionel Mill, Mark McQueen, Simon Ludgate, Nick Dalton, Kit Lynch Robinson, Ben Hume-Paton, Michael Tuft, Rob Kaplan, Chris Richards, Hannah Springham, Jon Richards, Ed Venner, Iain May, Konrad Begg","Dan Read, Paul Kerensa, Jack Rix, Fraser Steele, Martin Trenaman, Danny Baker, Lucy Guy, Aiden Spackman, Matthew Leys","Adventure, Comedy, Sport","<a href=""https://www.imdb.com/title/tt1628033"" target=""_blank"">tt1628033</a>","<a href=""https://www.imdb.com/title/tt1628033"" target=""_blank"">Top Gear</a>"
